{"cameraMode":{"drawMode":0,"name":"Shaded","section":"Shading Mode"},"sceneLighting":true,"audioPlay":false,"sceneViewState":{"showFog":true,"showMaterialUpdate":false,"showSkybox":true,"showFlares":true,"showImageEffects":true,"showParticleSystems":true},"in2DMode":false,"pivot":{"x":0.9700000286102295,"y":1.2899999618530274,"z":-2.4700000286102297},"rotation":{"x":0.24046596884727479,"y":-0.365517795085907,"z":0.09833686798810959,"w":0.8938194513320923},"size":2186.7119140625,"orthographic":false}